INSERT INTO Team (Team, NofPl, Age, Poss, MP, Starts, nMin, Gls, Ast, G_PK, PK, PKatt, CrdY, CrdR) VALUES ('Arsenal', '21', '24.6', '56.6', '11', '121', '990', '24', '18', '23', '1', '1', '19', '0');
INSERT INTO Team (Team, NofPl, Age, Poss, MP, Starts, nMin, Gls, Ast, G_PK, PK, PKatt, CrdY, CrdR) VALUES ('Aston Villa', '22', '27.4', '48.8', '13', '143', '1,170', '11', '6', '10', '1', '1', '27', '1');
INSERT INTO Team (Team, NofPl, Age, Poss, MP, Starts, nMin, Gls, Ast, G_PK, PK, PKatt, CrdY, CrdR) VALUES ('Bournemouth', '25', '26.7', '38.6', '13', '143', '1,170', '12', '10', '12', '0', '0', '20', '0');
INSERT INTO Team (Team, NofPl, Age, Poss, MP, Starts, nMin, Gls, Ast, G_PK, PK, PKatt, CrdY, CrdR) VALUES ('Brentford', '24', '26.3', '45.5', '13', '143', '1,170', '19', '10', '16', '3', '3', '17', '0');
INSERT INTO Team (Team, NofPl, Age, Poss, MP, Starts, nMin, Gls, Ast, G_PK, PK, PKatt, CrdY, CrdR) VALUES ('Brighton', '21', '27.6', '53.4', '12', '132', '1,080', '16', '9', '13', '3', '3', '17', '0');
INSERT INTO Team (Team, NofPl, Age, Poss, MP, Starts, nMin, Gls, Ast, G_PK, PK, PKatt, CrdY, CrdR) VALUES ('Chelsea', '23', '27.7', '59.7', '12', '132', '1,080', '17', '12', '15', '2', '2', '27', '2');
INSERT INTO Team (Team, NofPl, Age, Poss, MP, Starts, nMin, Gls, Ast, G_PK, PK, PKatt, CrdY, CrdR) VALUES ('Crystal Palace', '20', '27.6', '45.2', '12', '132', '1,080', '12', '11', '12', '0', '1', '27', '0');
INSERT INTO Team (Team, NofPl, Age, Poss, MP, Starts, nMin, Gls, Ast, G_PK, PK, PKatt, CrdY, CrdR) VALUES ('Everton', '25', '26.4', '43', '13', '143', '1,170', '10', '8', '10', '0', '0', '33', '0');
INSERT INTO Team (Team, NofPl, Age, Poss, MP, Starts, nMin, Gls, Ast, G_PK, PK, PKatt, CrdY, CrdR) VALUES ('Fulham', '27', '28.5', '46.5', '13', '143', '1,170', '20', '14', '17', '3', '4', '31', '1');
INSERT INTO Team (Team, NofPl, Age, Poss, MP, Starts, nMin, Gls, Ast, G_PK, PK, PKatt, CrdY, CrdR) VALUES ('Leeds United', '23', '25.5', '50.8', '12', '132', '1,080', '14', '9', '14', '0', '1', '24', '1');
INSERT INTO Team (Team, NofPl, Age, Poss, MP, Starts, nMin, Gls, Ast, G_PK, PK, PKatt, CrdY, CrdR) VALUES ('Leicester City', '22', '26.9', '50.8', '13', '143', '1,170', '19', '13', '18', '1', '1', '18', '0');
INSERT INTO Team (Team, NofPl, Age, Poss, MP, Starts, nMin, Gls, Ast, G_PK, PK, PKatt, CrdY, CrdR) VALUES ('Liverpool', '24', '28.1', '63', '12', '132', '1,080', '21', '17', '21', '0', '0', '12', '1');
INSERT INTO Team (Team, NofPl, Age, Poss, MP, Starts, nMin, Gls, Ast, G_PK, PK, PKatt, CrdY, CrdR) VALUES ('Manchester City', '21', '27.5', '65.2', '12', '132', '1,080', '36', '30', '34', '2', '2', '7', '0');
INSERT INTO Team (Team, NofPl, Age, Poss, MP, Starts, nMin, Gls, Ast, G_PK, PK, PKatt, CrdY, CrdR) VALUES ('Manchester Utd', '22', '27.2', '52', '11', '121', '990', '15', '12', '14', '1', '1', '32', '0');
INSERT INTO Team (Team, NofPl, Age, Poss, MP, Starts, nMin, Gls, Ast, G_PK, PK, PKatt, CrdY, CrdR) VALUES ('Newcastle Utd', '23', '27.8', '51.2', '13', '143', '1,170', '23', '13', '21', '2', '2', '20', '0');
INSERT INTO Team (Team, NofPl, Age, Poss, MP, Starts, nMin, Gls, Ast, G_PK, PK, PKatt, CrdY, CrdR) VALUES ('Nottingham Forest', '25', '26', '41.1', '12', '132', '1,080', '8', '3', '7', '1', '2', '32', '0');
INSERT INTO Team (Team, NofPl, Age, Poss, MP, Starts, nMin, Gls, Ast, G_PK, PK, PKatt, CrdY, CrdR) VALUES ('Southampton', '26', '24.9', '44.1', '13', '143', '1,170', '11', '9', '11', '0', '0', '21', '0');
INSERT INTO Team (Team, NofPl, Age, Poss, MP, Starts, nMin, Gls, Ast, G_PK, PK, PKatt, CrdY, CrdR) VALUES ('Tottenham', '21', '28.1', '50.5', '13', '143', '1,170', '24', '19', '22', '2', '3', '25', '1');
INSERT INTO Team (Team, NofPl, Age, Poss, MP, Starts, nMin, Gls, Ast, G_PK, PK, PKatt, CrdY, CrdR) VALUES ('West Ham', '22', '28.2', '45.2', '12', '132', '1,080', '11', '5', '9', '2', '4', '12', '0');
INSERT INTO Team (Team, NofPl, Age, Poss, MP, Starts, nMin, Gls, Ast, G_PK, PK, PKatt, CrdY, CrdR) VALUES ('Wolves', '24', '26.6', '52', '13', '143', '1,170', '6', '5', '5', '1', '1', '24', '2');


INSERT INTO Player (Team, Player, Nation, Pos, Age, MP, Starts, nMin, Gls, Ast, G_PK, PK, PKatt, CrdY, CrdR) VALUES ('Arsenal', 'Gabriel Dos Santos', 'br BRA', 'DF', '24-315', '11', '11', '990', '1', '0', '1', '0', '0', '1', '0');
INSERT INTO Player (Team, Player, Nation, Pos, Age, MP, Starts, nMin, Gls, Ast, G_PK, PK, PKatt, CrdY, CrdR) VALUES ('Arsenal', 'Aaron Ramsdale', 'eng ENG', 'GK', '24-169', '11', '11', '990', '0', '0', '0', '0', '0', '0', '0');
INSERT INTO Player (Team, Player, Nation, Pos, Age, MP, Starts, nMin, Gls, Ast, G_PK, PK, PKatt, CrdY, CrdR) VALUES ('Arsenal', 'William Saliba', 'fr FRA', 'DF', '21-220', '11', '11', '990', '2', '1', '2', '0', '0', '4', '0');
INSERT INTO Player (Team, Player, Nation, Pos, Age, MP, Starts, nMin, Gls, Ast, G_PK, PK, PKatt, CrdY, CrdR) VALUES ('Arsenal', 'Granit Xhaka', 'ch SUI', 'MF', '30-033', '11', '11', '987', '3', '3', '3', '0', '0', '2', '0');
INSERT INTO Player (Team, Player, Nation, Pos, Age, MP, Starts, nMin, Gls, Ast, G_PK, PK, PKatt, CrdY, CrdR) VALUES ('Arsenal', 'Bukayo Saka', 'eng ENG', 'MF,FW', '21-055', '11', '11', '966', '4', '4', '3', '1', '1', '2', '0');
INSERT INTO Player (Team, Player, Nation, Pos, Age, MP, Starts, nMin, Gls, Ast, G_PK, PK, PKatt, CrdY, CrdR) VALUES ('Arsenal', 'Gabriel Jesus', 'br BRA', 'FW', '25-210', '11', '11', '949', '5', '3', '5', '0', '0', '4', '0');
INSERT INTO Player (Team, Player, Nation, Pos, Age, MP, Starts, nMin, Gls, Ast, G_PK, PK, PKatt, CrdY, CrdR) VALUES ('Arsenal', 'Martinelli', 'br BRA', 'MF,FW', '21-134', '11', '11', '940', '4', '2', '4', '0', '0', '1', '0');
INSERT INTO Player (Team, Player, Nation, Pos, Age, MP, Starts, nMin, Gls, Ast, G_PK, PK, PKatt, CrdY, CrdR) VALUES ('Arsenal', 'Ben White', 'eng ENG', 'DF', '25-022', '11', '11', '880', '0', '2', '0', '0', '0', '2', '0');
INSERT INTO Player (Team, Player, Nation, Pos, Age, MP, Starts, nMin, Gls, Ast, G_PK, PK, PKatt, CrdY, CrdR) VALUES ('Arsenal', 'Martin Ødegaard', 'no NOR', 'MF', '23-317', '10', '10', '808', '3', '2', '3', '0', '0', '2', '0');
INSERT INTO Player (Team, Player, Nation, Pos, Age, MP, Starts, nMin, Gls, Ast, G_PK, PK, PKatt, CrdY, CrdR) VALUES ('Arsenal', 'Thomas Partey', 'gh GHA', 'MF', '29-139', '8', '8', '689', '1', '0', '1', '0', '0', '0', '0');
INSERT INTO Player (Team, Player, Nation, Pos, Age, MP, Starts, nMin, Gls, Ast, G_PK, PK, PKatt, CrdY, CrdR) VALUES ('Arsenal', 'Oleksandr Zinchenko', 'ua UKR', 'DF', '25-319', '5', '5', '393', '0', '1', '0', '0', '0', '0', '0');
INSERT INTO Player (Team, Player, Nation, Pos, Age, MP, Starts, nMin, Gls, Ast, G_PK, PK, PKatt, CrdY, CrdR) VALUES ('Arsenal', 'Takehiro Tomiyasu', 'jp JPN', 'DF', '23-359', '10', '3', '348', '0', '0', '0', '0', '0', '1', '0');
INSERT INTO Player (Team, Player, Nation, Pos, Age, MP, Starts, nMin, Gls, Ast, G_PK, PK, PKatt, CrdY, CrdR) VALUES ('Arsenal', 'Kieran Tierney', 'sct SCO', 'DF', '25-147', '10', '3', '326', '0', '0', '0', '0', '0', '0', '0');
INSERT INTO Player (Team, Player, Nation, Pos, Age, MP, Starts, nMin, Gls, Ast, G_PK, PK, PKatt, CrdY, CrdR) VALUES ('Arsenal', 'Albert Sambi Lokonga', 'be BEL', 'MF', '23-008', '6', '2', '198', '0', '0', '0', '0', '0', '0', '0');
INSERT INTO Player (Team, Player, Nation, Pos, Age, MP, Starts, nMin, Gls, Ast, G_PK, PK, PKatt, CrdY, CrdR) VALUES ('Arsenal', 'Fabio Vieira', 'pt POR', 'MF', '22-153', '6', '1', '144', '1', '0', '1', '0', '0', '0', '0');
INSERT INTO Player (Team, Player, Nation, Pos, Age, MP, Starts, nMin, Gls, Ast, G_PK, PK, PKatt, CrdY, CrdR) VALUES ('Arsenal', 'Mohamed Elneny', 'eg EGY', 'MF', '30-111', '1', '1', '90', '0', '0', '0', '0', '0', '0', '0');
INSERT INTO Player (Team, Player, Nation, Pos, Age, MP, Starts, nMin, Gls, Ast, G_PK, PK, PKatt, CrdY, CrdR) VALUES ('Arsenal', 'Eddie Nketiah', 'eng ENG', 'FW,MF', '23-153', '11', '0', '136', '0', '0', '0', '0', '0', '0', '0');
INSERT INTO Player (Team, Player, Nation, Pos, Age, MP, Starts, nMin, Gls, Ast, G_PK, PK, PKatt, CrdY, CrdR) VALUES ('Arsenal', 'Emile Smith Rowe', 'eng ENG', 'MF', '22-094', '4', '0', '51', '0', '0', '0', '0', '0', '0', '0');
INSERT INTO Player (Team, Player, Nation, Pos, Age, MP, Starts, nMin, Gls, Ast, G_PK, PK, PKatt, CrdY, CrdR) VALUES ('Arsenal', 'Rob Holding', 'eng ENG', 'DF', '27-040', '3', '0', '13', '0', '0', '0', '0', '0', '0', '0');
INSERT INTO Player (Team, Player, Nation, Pos, Age, MP, Starts, nMin, Gls, Ast, G_PK, PK, PKatt, CrdY, CrdR) VALUES ('Arsenal', 'Marquinhos', 'br BRA', 'MF', '19-206', '1', '0', '1', '0', '0', '0', '0', '0', '0', '0');
INSERT INTO Player (Team, Player, Nation, Pos, Age, MP, Starts, nMin, Gls, Ast, G_PK, PK, PKatt, CrdY, CrdR) VALUES ('Arsenal', 'Ethan Nwaneri', 'eng ENG', 'MF', '15-223', '1', '0', '1', '0', '0', '0', '0', '0', '0', '0');
INSERT INTO Player (Team, Player, Nation, Pos, Age, MP, Starts, nMin, Gls, Ast, G_PK, PK, PKatt, CrdY, CrdR) VALUES ('Arsenal', 'Reiss Nelson', 'eng ENG', 'FW,MF', '22-324', '0', '0', '0', '0', '0', '0', '0', '0', '0', '0');
INSERT INTO Player (Team, Player, Nation, Pos, Age, MP, Starts, nMin, Gls, Ast, G_PK, PK, PKatt, CrdY, CrdR) VALUES ('Arsenal', 'Nicolas Pépé', 'ci CIV', 'FW,MF', '27-154', '0', '0', '0', '0', '0', '0', '0', '0', '0', '0');
INSERT INTO Player (Team, Player, Nation, Pos, Age, MP, Starts, nMin, Gls, Ast, G_PK, PK, PKatt, CrdY, CrdR) VALUES ('Arsenal', 'Matthew Smith', 'eng ENG', 'MF', '22-025', '0', '0', '0', '0', '0', '0', '0', '0', '0', '0');
INSERT INTO Player (Team, Player, Nation, Pos, Age, MP, Starts, nMin, Gls, Ast, G_PK, PK, PKatt, CrdY, CrdR) VALUES ('Arsenal', 'Cédric Soares', 'pt POR', 'DF,MF', '31-060', '0', '0', '0', '0', '0', '0', '0', '0', '0', '0');
INSERT INTO Player (Team, Player, Nation, Pos, Age, MP, Starts, nMin, Gls, Ast, G_PK, PK, PKatt, CrdY, CrdR) VALUES ('Arsenal', 'Lino Sousa', 'eng ENG', 'DF', '17-284', '0', '0', '0', '0', '0', '0', '0', '0', '0', '0');
INSERT INTO Player (Team, Player, Nation, Pos, Age, MP, Starts, nMin, Gls, Ast, G_PK, PK, PKatt, CrdY, CrdR) VALUES ('Arsenal', 'Matt Turner', 'us USA', 'GK', '28-128', '0', '0', '0', '0', '0', '0', '0', '0', '0', '0');
INSERT INTO Player (Team, Player, Nation, Pos, Age, MP, Starts, nMin, Gls, Ast, G_PK, PK, PKatt, CrdY, CrdR) VALUES ('Aston Villa', 'Emiliano Martínez', 'ar ARG', 'GK', '30-058', '13', '13', '1,114', '0', '0', '0', '0', '0', '0', '0');
INSERT INTO Player (Team, Player, Nation, Pos, Age, MP, Starts, nMin, Gls, Ast, G_PK, PK, PKatt, CrdY, CrdR) VALUES ('Aston Villa', 'Ollie Watkins', 'eng ENG', 'FW,MF', '26-304', '13', '12', '1,095', '2', '2', '2', '0', '0', '1', '0');
INSERT INTO Player (Team, Player, Nation, Pos, Age, MP, Starts, nMin, Gls, Ast, G_PK, PK, PKatt, CrdY, CrdR) VALUES ('Aston Villa', 'Ezri Konsa', 'eng ENG', 'DF', '25-007', '13', '12', '1,081', '0', '0', '0', '0', '0', '2', '0');
INSERT INTO Player (Team, Player, Nation, Pos, Age, MP, Starts, nMin, Gls, Ast, G_PK, PK, PKatt, CrdY, CrdR) VALUES ('Aston Villa', 'Tyrone Mings', 'eng ENG', 'DF', '29-231', '11', '11', '990', '0', '0', '0', '0', '0', '1', '0');
INSERT INTO Player (Team, Player, Nation, Pos, Age, MP, Starts, nMin, Gls, Ast, G_PK, PK, PKatt, CrdY, CrdR) VALUES ('Aston Villa', 'John McGinn', 'sct SCO', 'MF', '28-012', '13', '11', '945', '0', '0', '0', '0', '0', '3', '0');
INSERT INTO Player (Team, Player, Nation, Pos, Age, MP, Starts, nMin, Gls, Ast, G_PK, PK, PKatt, CrdY, CrdR) VALUES ('Aston Villa', 'Jacob Ramsey', 'eng ENG', 'MF', '21-155', '13', '10', '863', '1', '1', '1', '0', '0', '4', '0');
INSERT INTO Player (Team, Player, Nation, Pos, Age, MP, Starts, nMin, Gls, Ast, G_PK, PK, PKatt, CrdY, CrdR) VALUES ('Aston Villa', 'Matty Cash', 'pl POL', 'DF', '25-084', '11', '10', '848', '0', '0', '0', '0', '0', '2', '0');
INSERT INTO Player (Team, Player, Nation, Pos, Age, MP, Starts, nMin, Gls, Ast, G_PK, PK, PKatt, CrdY, CrdR) VALUES ('Aston Villa', 'Leon Bailey', 'jm JAM', 'MF,FW', '25-082', '12', '10', '741', '2', '2', '2', '0', '0', '2', '0');
INSERT INTO Player (Team, Player, Nation, Pos, Age, MP, Starts, nMin, Gls, Ast, G_PK, PK, PKatt, CrdY, CrdR) VALUES ('Aston Villa', 'Douglas Luiz', 'br BRA', 'MF', '24-174', '12', '8', '758', '1', '1', '1', '0', '0', '1', '1');
INSERT INTO Player (Team, Player, Nation, Pos, Age, MP, Starts, nMin, Gls, Ast, G_PK, PK, PKatt, CrdY, CrdR) VALUES ('Aston Villa', 'Ashley Young', 'eng ENG', 'DF', '37-113', '9', '7', '695', '1', '0', '1', '0', '0', '2', '0');
INSERT INTO Player (Team, Player, Nation, Pos, Age, MP, Starts, nMin, Gls, Ast, G_PK, PK, PKatt, CrdY, CrdR) VALUES ('Aston Villa', 'Lucas Digne', 'fr FRA', 'DF', '29-102', '8', '7', '652', '0', '0', '0', '0', '0', '2', '0');
INSERT INTO Player (Team, Player, Nation, Pos, Age, MP, Starts, nMin, Gls, Ast, G_PK, PK, PKatt, CrdY, CrdR) VALUES ('Aston Villa', 'Danny Ings', 'eng ENG', 'FW', '30-099', '12', '7', '632', '3', '0', '2', '1', '1', '3', '0');
INSERT INTO Player (Team, Player, Nation, Pos, Age, MP, Starts, nMin, Gls, Ast, G_PK, PK, PKatt, CrdY, CrdR) VALUES ('Aston Villa', 'Boubacar Kamara', 'fr FRA', 'MF', '22-341', '7', '7', '566', '0', '0', '0', '0', '0', '1', '0');
INSERT INTO Player (Team, Player, Nation, Pos, Age, MP, Starts, nMin, Gls, Ast, G_PK, PK, PKatt, CrdY, CrdR) VALUES ('Aston Villa', 'Philippe Coutinho', 'br BRA', 'MF,FW', '30-140', '12', '6', '571', '0', '0', '0', '0', '0', '2', '0');
INSERT INTO Player (Team, Player, Nation, Pos, Age, MP, Starts, nMin, Gls, Ast, G_PK, PK, PKatt, CrdY, CrdR) VALUES ('Aston Villa', 'Emi Buendía', 'ar ARG', 'MF,FW', '25-309', '13', '5', '575', '1', '0', '1', '0', '0', '0', '0');
INSERT INTO Player (Team, Player, Nation, Pos, Age, MP, Starts, nMin, Gls, Ast, G_PK, PK, PKatt, CrdY, CrdR) VALUES ('Aston Villa', 'Leander Dendoncker', 'be BEL', 'MF', '27-198', '6', '2', '203', '0', '0', '0', '0', '0', '0', '0');
INSERT INTO Player (Team, Player, Nation, Pos, Age, MP, Starts, nMin, Gls, Ast, G_PK, PK, PKatt, CrdY, CrdR) VALUES ('Aston Villa', 'Diego Carlos', 'br BRA', 'DF', '29-229', '2', '2', '179', '0', '0', '0', '0', '0', '0', '0');
INSERT INTO Player (Team, Player, Nation, Pos, Age, MP, Starts, nMin, Gls, Ast, G_PK, PK, PKatt, CrdY, CrdR) VALUES ('Aston Villa', 'Calum Chambers', 'eng ENG', 'DF', '27-283', '3', '1', '101', '0', '0', '0', '0', '0', '0', '0');
INSERT INTO Player (Team, Player, Nation, Pos, Age, MP, Starts, nMin, Gls, Ast, G_PK, PK, PKatt, CrdY, CrdR) VALUES ('Aston Villa', 'Jan Bednarek', 'pl POL', 'DF', '26-201', '2', '1', '91', '0', '0', '0', '0', '0', '0', '0');
INSERT INTO Player (Team, Player, Nation, Pos, Age, MP, Starts, nMin, Gls, Ast, G_PK, PK, PKatt, CrdY, CrdR) VALUES ('Aston Villa', 'Ludwig Augustinsson', 'se SWE', 'DF', '28-192', '1', '1', '44', '0', '0', '0', '0', '0', '1', '0');
INSERT INTO Player (Team, Player, Nation, Pos, Age, MP, Starts, nMin, Gls, Ast, G_PK, PK, PKatt, CrdY, CrdR) VALUES ('Aston Villa', 'Robin Olsen', 'se SWE', 'GK', '32-295', '1', '0', '56', '0', '0', '0', '0', '0', '0', '0');
INSERT INTO Player (Team, Player, Nation, Pos, Age, MP, Starts, nMin, Gls, Ast, G_PK, PK, PKatt, CrdY, CrdR) VALUES ('Aston Villa', 'Cameron Archer', 'eng ENG', 'MF', '20-325', '5', '0', '41', '0', '0', '0', '0', '0', '0', '0');
INSERT INTO Player (Team, Player, Nation, Pos, Age, MP, Starts, nMin, Gls, Ast, G_PK, PK, PKatt, CrdY, CrdR) VALUES ('Aston Villa', 'Lamare Bogarde', 'nl NED', 'MF', '18-298', '0', '0', '0', '0', '0', '0', '0', '0', '0', '0');
INSERT INTO Player (Team, Player, Nation, Pos, Age, MP, Starts, nMin, Gls, Ast, G_PK, PK, PKatt, CrdY, CrdR) VALUES ('Aston Villa', 'Tim Iroegbunam', 'eng ENG', 'MF', '19-122', '0', '0', '0', '0', '0', '0', '0', '0', '0', '0');
INSERT INTO Player (Team, Player, Nation, Pos, Age, MP, Starts, nMin, Gls, Ast, G_PK, PK, PKatt, CrdY, CrdR) VALUES ('Aston Villa', 'Marvelous Nakamba', 'zw ZIM', 'MF', '28-284', '0', '0', '0', '0', '0', '0', '0', '0', '0', '0');
INSERT INTO Player (Team, Player, Nation, Pos, Age, MP, Starts, nMin, Gls, Ast, G_PK, PK, PKatt, CrdY, CrdR) VALUES ('Aston Villa', 'Morgan Sanson', 'fr FRA', 'MF', '28-073', '0', '0', '0', '0', '0', '0', '0', '0', '0', '0');
INSERT INTO Player (Team, Player, Nation, Pos, Age, MP, Starts, nMin, Gls, Ast, G_PK, PK, PKatt, CrdY, CrdR) VALUES ('Bournemouth', 'Jefferson Lerma', 'co COL', 'MF,DF', '28-005', '13', '13', '1,170', '2', '0', '2', '0', '0', '2', '0');
INSERT INTO Player (Team, Player, Nation, Pos, Age, MP, Starts, nMin, Gls, Ast, G_PK, PK, PKatt, CrdY, CrdR) VALUES ('Bournemouth', 'Chris Mepham', 'wls WAL', 'DF', '24-359', '13', '13', '1,161', '0', '0', '0', '0', '0', '4', '0');
INSERT INTO Player (Team, Player, Nation, Pos, Age, MP, Starts, nMin, Gls, Ast, G_PK, PK, PKatt, CrdY, CrdR) VALUES ('Bournemouth', 'Adam Smith', 'eng ENG', 'DF', '31-184', '13', '13', '1,125', '0', '1', '0', '0', '0', '4', '0');
INSERT INTO Player (Team, Player, Nation, Pos, Age, MP, Starts, nMin, Gls, Ast, G_PK, PK, PKatt, CrdY, CrdR) VALUES ('Bournemouth', 'Marcus Tavernier', 'eng ENG', 'MF,DF', '23-222', '13', '13', '1,114', '0', '1', '0', '0', '0', '1', '0');
INSERT INTO Player (Team, Player, Nation, Pos, Age, MP, Starts, nMin, Gls, Ast, G_PK, PK, PKatt, CrdY, CrdR) VALUES ('Bournemouth', 'Lewis Cook', 'eng ENG', 'MF', '25-269', '13', '11', '1,013', '0', '1', '0', '0', '0', '1', '0');
INSERT INTO Player (Team, Player, Nation, Pos, Age, MP, Starts, nMin, Gls, Ast, G_PK, PK, PKatt, CrdY, CrdR) VALUES ('Bournemouth', 'Philip Billing', 'dk DEN', 'MF,FW', '26-141', '13', '11', '959', '3', '1', '3', '0', '0', '1', '0');
INSERT INTO Player (Team, Player, Nation, Pos, Age, MP, Starts, nMin, Gls, Ast, G_PK, PK, PKatt, CrdY, CrdR) VALUES ('Bournemouth', 'Dominic Solanke', 'eng ENG', 'FW,MF', '25-046', '11', '10', '891', '2', '3', '2', '0', '0', '0', '0');
INSERT INTO Player (Team, Player, Nation, Pos, Age, MP, Starts, nMin, Gls, Ast, G_PK, PK, PKatt, CrdY, CrdR) VALUES ('Bournemouth', 'Marcos Senesi', 'ar ARG', 'DF', '25-173', '10', '9', '762', '0', '0', '0', '0', '0', '0', '0');
INSERT INTO Player (Team, Player, Nation, Pos, Age, MP, Starts, nMin, Gls, Ast, G_PK, PK, PKatt, CrdY, CrdR) VALUES ('Bournemouth', 'Ryan Christie', 'sct SCO', 'MF', '27-250', '12', '9', '707', '1', '0', '1', '0', '0', '1', '0');
INSERT INTO Player (Team, Player, Nation, Pos, Age, MP, Starts, nMin, Gls, Ast, G_PK, PK, PKatt, CrdY, CrdR) VALUES ('Bournemouth', 'Jordan Zemura', 'zw ZIM', 'DF', '22-350', '10', '8', '698', '0', '1', '0', '0', '0', '1', '0');
INSERT INTO Player (Team, Player, Nation, Pos, Age, MP, Starts, nMin, Gls, Ast, G_PK, PK, PKatt, CrdY, CrdR) VALUES ('Bournemouth', 'Neto', 'br BRA', 'GK', '33-103', '8', '8', '675', '0', '0', '0', '0', '0', '2', '0');
INSERT INTO Player (Team, Player, Nation, Pos, Age, MP, Starts, nMin, Gls, Ast, G_PK, PK, PKatt, CrdY, CrdR) VALUES ('Bournemouth', 'Kieffer Moore', 'wls WAL', 'FW', '30-083', '13', '6', '593', '3', '0', '3', '0', '0', '0', '0');
INSERT INTO Player (Team, Player, Nation, Pos, Age, MP, Starts, nMin, Gls, Ast, G_PK, PK, PKatt, CrdY, CrdR) VALUES ('Bournemouth', 'Mark Travers', 'ie IRL', 'GK', '23-165', '6', '5', '495', '0', '0', '0', '0', '0', '0', '0');
INSERT INTO Player (Team, Player, Nation, Pos, Age, MP, Starts, nMin, Gls, Ast, G_PK, PK, PKatt, CrdY, CrdR) VALUES ('Bournemouth', 'Lloyd Kelly', 'eng ENG', 'DF', '24-024', '5', '5', '450', '0', '2', '0', '0', '0', '0', '0');
INSERT INTO Player (Team, Player, Nation, Pos, Age, MP, Starts, nMin, Gls, Ast, G_PK, PK, PKatt, CrdY, CrdR) VALUES ('Bournemouth', 'Ryan Fredericks', 'eng ENG', 'DF', '30-020', '7', '4', '379', '0', '0', '0', '0', '0', '1', '0');
INSERT INTO Player (Team, Player, Nation, Pos, Age, MP, Starts, nMin, Gls, Ast, G_PK, PK, PKatt, CrdY, CrdR) VALUES ('Bournemouth', 'Ben Pearson', 'eng ENG', 'MF', '27-299', '4', '3', '211', '0', '0', '0', '0', '0', '1', '0');
INSERT INTO Player (Team, Player, Nation, Pos, Age, MP, Starts, nMin, Gls, Ast, G_PK, PK, PKatt, CrdY, CrdR) VALUES ('Bournemouth', 'Jaidon Anthony', 'eng ENG', 'MF,DF', '22-333', '9', '1', '249', '1', '0', '1', '0', '0', '0', '0');
INSERT INTO Player (Team, Player, Nation, Pos, Age, MP, Starts, nMin, Gls, Ast, G_PK, PK, PKatt, CrdY, CrdR) VALUES ('Bournemouth', 'Jack Stacey', 'eng ENG', 'DF,MF', '26-207', '5', '1', '116', '0', '0', '0', '0', '0', '1', '0');
INSERT INTO Player (Team, Player, Nation, Pos, Age, MP, Starts, nMin, Gls, Ast, G_PK, PK, PKatt, CrdY, CrdR) VALUES ('Bournemouth', 'Junior Stanislas', 'eng ENG', 'MF', '32-338', '3', '0', '58', '0', '0', '0', '0', '0', '0', '0');
INSERT INTO Player (Team, Player, Nation, Pos, Age, MP, Starts, nMin, Gls, Ast, G_PK, PK, PKatt, CrdY, CrdR) VALUES ('Bournemouth', 'Joe Rothwell', 'eng ENG', 'MF', '27-292', '1', '0', '14', '0', '0', '0', '0', '0', '0', '0');
INSERT INTO Player (Team, Player, Nation, Pos, Age, MP, Starts, nMin, Gls, Ast, G_PK, PK, PKatt, CrdY, CrdR) VALUES ('Bournemouth', 'Owen Bevan', 'wls WAL', 'DF', '19-004', '1', '0', '9', '0', '0', '0', '0', '0', '0', '0');
INSERT INTO Player (Team, Player, Nation, Pos, Age, MP, Starts, nMin, Gls, Ast, G_PK, PK, PKatt, CrdY, CrdR) VALUES ('Bournemouth', 'Emiliano Marcondes', 'dk DEN', 'MF', '27-235', '1', '0', '9', '0', '0', '0', '0', '0', '0', '0');
INSERT INTO Player (Team, Player, Nation, Pos, Age, MP, Starts, nMin, Gls, Ast, G_PK, PK, PKatt, CrdY, CrdR) VALUES ('Bournemouth', 'Siriki Dembélé', 'ci CIV', 'DF', '26-053', '1', '0', '8', '0', '0', '0', '0', '0', '0', '0');
INSERT INTO Player (Team, Player, Nation, Pos, Age, MP, Starts, nMin, Gls, Ast, G_PK, PK, PKatt, CrdY, CrdR) VALUES ('Bournemouth', 'Jack Stephens', 'eng ENG', 'DF,MF', '28-276', '2', '0', '3', '0', '0', '0', '0', '0', '0', '0');
INSERT INTO Player (Team, Player, Nation, Pos, Age, MP, Starts, nMin, Gls, Ast, G_PK, PK, PKatt, CrdY, CrdR) VALUES ('Bournemouth', 'Jamal Lowe', 'jm JAM', 'FW', '28-101', '1', '0', '1', '0', '0', '0', '0', '0', '0', '0');
INSERT INTO Player (Team, Player, Nation, Pos, Age, MP, Starts, nMin, Gls, Ast, G_PK, PK, PKatt, CrdY, CrdR) VALUES ('Bournemouth', 'Will Dennis', 'eng ENG', 'GK', '22-112', '0', '0', '0', '0', '0', '0', '0', '0', '0', '0');
INSERT INTO Player (Team, Player, Nation, Pos, Age, MP, Starts, nMin, Gls, Ast, G_PK, PK, PKatt, CrdY, CrdR) VALUES ('Bournemouth', 'James Hill', 'eng ENG', 'DF', '20-293', '0', '0', '0', '0', '0', '0', '0', '0', '0', '0');
INSERT INTO Player (Team, Player, Nation, Pos, Age, MP, Starts, nMin, Gls, Ast, G_PK, PK, PKatt, CrdY, CrdR) VALUES ('Bournemouth', 'Cameron Plain', 'eng ENG', 'GK', '19-336', '0', '0', '0', '0', '0', '0', '0', '0', '0', '0');
INSERT INTO Player (Team, Player, Nation, Pos, Age, MP, Starts, nMin, Gls, Ast, G_PK, PK, PKatt, CrdY, CrdR) VALUES ('Bournemouth', 'Christian Saydee', 'lr LBR', 'MF', '20-173', '0', '0', '0', '0', '0', '0', '0', '0', '0', '0');
INSERT INTO Player (Team, Player, Nation, Pos, Age, MP, Starts, nMin, Gls, Ast, G_PK, PK, PKatt, CrdY, CrdR) VALUES ('Brentford', 'David Raya', 'es ESP', 'GK', '27-045', '13', '13', '1,170', '0', '0', '0', '0', '0', '0', '0');
INSERT INTO Player (Team, Player, Nation, Pos, Age, MP, Starts, nMin, Gls, Ast, G_PK, PK, PKatt, CrdY, CrdR) VALUES ('Brentford', 'Ivan Toney', 'eng ENG', 'FW', '26-228', '13', '13', '1,170', '8', '2', '5', '3', '3', '5', '0');
INSERT INTO Player (Team, Player, Nation, Pos, Age, MP, Starts, nMin, Gls, Ast, G_PK, PK, PKatt, CrdY, CrdR) VALUES ('Brentford', 'Rico Henry', 'eng ENG', 'DF', '25-114', '13', '13', '1,166', '0', '1', '0', '0', '0', '0', '0');
INSERT INTO Player (Team, Player, Nation, Pos, Age, MP, Starts, nMin, Gls, Ast, G_PK, PK, PKatt, CrdY, CrdR) VALUES ('Brentford', 'Bryan Mbeumo', 'cm CMR', 'FW', '23-084', '13', '13', '967', '2', '1', '2', '0', '0', '1', '0');
INSERT INTO Player (Team, Player, Nation, Pos, Age, MP, Starts, nMin, Gls, Ast, G_PK, PK, PKatt, CrdY, CrdR) VALUES ('Brentford', 'Mathias Jensen', 'dk DEN', 'MF', '26-302', '13', '13', '952', '1', '2', '1', '0', '0', '1', '0');
INSERT INTO Player (Team, Player, Nation, Pos, Age, MP, Starts, nMin, Gls, Ast, G_PK, PK, PKatt, CrdY, CrdR) VALUES ('Brentford', 'Ben Mee', 'eng ENG', 'DF', '33-039', '12', '12', '1,028', '2', '0', '2', '0', '0', '1', '0');
INSERT INTO Player (Team, Player, Nation, Pos, Age, MP, Starts, nMin, Gls, Ast, G_PK, PK, PKatt, CrdY, CrdR) VALUES ('Brentford', 'Vitaly Janelt', 'de GER', 'MF,DF', '24-173', '13', '9', '884', '1', '1', '1', '0', '0', '0', '0');
INSERT INTO Player (Team, Player, Nation, Pos, Age, MP, Starts, nMin, Gls, Ast, G_PK, PK, PKatt, CrdY, CrdR) VALUES ('Brentford', 'Aaron Hickey', 'sct SCO', 'DF', '20-142', '9', '8', '679', '0', '0', '0', '0', '0', '4', '0');
INSERT INTO Player (Team, Player, Nation, Pos, Age, MP, Starts, nMin, Gls, Ast, G_PK, PK, PKatt, CrdY, CrdR) VALUES ('Brentford', 'Josh Dasilva', 'eng ENG', 'MF', '24-007', '13', '6', '603', '2', '0', '2', '0', '0', '1', '0');
INSERT INTO Player (Team, Player, Nation, Pos, Age, MP, Starts, nMin, Gls, Ast, G_PK, PK, PKatt, CrdY, CrdR) VALUES ('Brentford', 'Pontus Jansson', 'se SWE', 'DF', '31-259', '6', '6', '514', '0', '0', '0', '0', '0', '0', '0');
INSERT INTO Player (Team, Player, Nation, Pos, Age, MP, Starts, nMin, Gls, Ast, G_PK, PK, PKatt, CrdY, CrdR) VALUES ('Brentford', 'Kristoffer Ajer', 'no NOR', 'DF', '24-196', '6', '6', '502', '0', '0', '0', '0', '0', '0', '0');
INSERT INTO Player (Team, Player, Nation, Pos, Age, MP, Starts, nMin, Gls, Ast, G_PK, PK, PKatt, CrdY, CrdR) VALUES ('Brentford', 'Yoane Wissa', 'cd COD', 'FW,MF', '26-057', '13', '5', '535', '2', '1', '2', '0', '0', '1', '0');
INSERT INTO Player (Team, Player, Nation, Pos, Age, MP, Starts, nMin, Gls, Ast, G_PK, PK, PKatt, CrdY, CrdR) VALUES ('Brentford', 'Ethan Pinnock', 'jm JAM', 'DF', '29-154', '5', '5', '450', '0', '0', '0', '0', '0', '0', '0');
INSERT INTO Player (Team, Player, Nation, Pos, Age, MP, Starts, nMin, Gls, Ast, G_PK, PK, PKatt, CrdY, CrdR) VALUES ('Brentford', 'Shandon Baptiste', 'gd GRN', 'MF', '24-205', '12', '4', '431', '0', '0', '0', '0', '0', '1', '0');
INSERT INTO Player (Team, Player, Nation, Pos, Age, MP, Starts, nMin, Gls, Ast, G_PK, PK, PKatt, CrdY, CrdR) VALUES ('Brentford', 'Mathias Jørgensen', 'dk DEN', 'DF', '32-190', '6', '4', '357', '0', '0', '0', '0', '0', '0', '0');
INSERT INTO Player (Team, Player, Nation, Pos, Age, MP, Starts, nMin, Gls, Ast, G_PK, PK, PKatt, CrdY, CrdR) VALUES ('Brentford', 'Christian Nørgaard', 'dk DEN', 'MF', '28-234', '4', '4', '309', '1', '0', '1', '0', '0', '0', '0');
INSERT INTO Player (Team, Player, Nation, Pos, Age, MP, Starts, nMin, Gls, Ast, G_PK, PK, PKatt, CrdY, CrdR) VALUES ('Brentford', 'Frank Onyeka', 'ng NGA', 'MF', '24-302', '10', '3', '311', '0', '1', '0', '0', '0', '0', '0');
INSERT INTO Player (Team, Player, Nation, Pos, Age, MP, Starts, nMin, Gls, Ast, G_PK, PK, PKatt, CrdY, CrdR) VALUES ('Brentford', 'Mads Roerslev', 'dk DEN', 'DF', '23-128', '5', '3', '253', '0', '0', '0', '0', '0', '0', '0');
INSERT INTO Player (Team, Player, Nation, Pos, Age, MP, Starts, nMin, Gls, Ast, G_PK, PK, PKatt, CrdY, CrdR) VALUES ('Brentford', 'Keane Lewis-Potter', 'eng ENG', 'FW,MF', '21-250', '6', '2', '228', '0', '1', '0', '0', '0', '0', '0');
INSERT INTO Player (Team, Player, Nation, Pos, Age, MP, Starts, nMin, Gls, Ast, G_PK, PK, PKatt, CrdY, CrdR) VALUES ('Brentford', 'Mikkel Damsgaard', 'dk DEN', 'MF,FW', '22-119', '8', '1', '236', '0', '0', '0', '0', '0', '2', '0');
INSERT INTO Player (Team, Player, Nation, Pos, Age, MP, Starts, nMin, Gls, Ast, G_PK, PK, PKatt, CrdY, CrdR) VALUES ('Brentford', 'Sergi Canós', 'es ESP', 'DF,FW', '25-270', '3', '0', '64', '0', '0', '0', '0', '0', '0', '0');
INSERT INTO Player (Team, Player, Nation, Pos, Age, MP, Starts, nMin, Gls, Ast, G_PK, PK, PKatt, CrdY, CrdR) VALUES ('Brentford', 'Saman Ghoddos', 'ir IRN', 'MF,FW', '29-054', '5', '0', '33', '0', '0', '0', '0', '0', '0', '0');
INSERT INTO Player (Team, Player, Nation, Pos, Age, MP, Starts, nMin, Gls, Ast, G_PK, PK, PKatt, CrdY, CrdR) VALUES ('Brentford', 'Mads Bech Sørensen', 'dk DEN', 'DF,MF', '23-296', '3', '0', '20', '0', '0', '0', '0', '0', '0', '0');
INSERT INTO Player (Team, Player, Nation, Pos, Age, MP, Starts, nMin, Gls, Ast, G_PK, PK, PKatt, CrdY, CrdR) VALUES ('Brentford', 'Halil Dervişoğlu', 'tr TUR', 'MF', '22-326', '1', '0', '8', '0', '0', '0', '0', '0', '0', '0');
INSERT INTO Player (Team, Player, Nation, Pos, Age, MP, Starts, nMin, Gls, Ast, G_PK, PK, PKatt, CrdY, CrdR) VALUES ('Brentford', 'Matthew Cox', 'eng ENG', 'GK', '19-181', '0', '0', '0', '0', '0', '0', '0', '0', '0', '0');
INSERT INTO Player (Team, Player, Nation, Pos, Age, MP, Starts, nMin, Gls, Ast, G_PK, PK, PKatt, CrdY, CrdR) VALUES ('Brentford', 'Tristan Crama', 'fr FRA', 'MF', '20-356', '0', '0', '0', '0', '0', '0', '0', '0', '0', '0');
INSERT INTO Player (Team, Player, Nation, Pos, Age, MP, Starts, nMin, Gls, Ast, G_PK, PK, PKatt, CrdY, CrdR) VALUES ('Brentford', 'Finley Stevens', 'wls WAL', 'DF', '19-203', '0', '0', '0', '0', '0', '0', '0', '0', '0', '0');
INSERT INTO Player (Team, Player, Nation, Pos, Age, MP, Starts, nMin, Gls, Ast, G_PK, PK, PKatt, CrdY, CrdR) VALUES ('Brentford', 'Thomas Strakosha', 'al ALB', 'GK', '27-225', '0', '0', '0', '0', '0', '0', '0', '0', '0', '0');
INSERT INTO Player (Team, Player, Nation, Pos, Age, MP, Starts, nMin, Gls, Ast, G_PK, PK, PKatt, CrdY, CrdR) VALUES ('Brentford', 'Ryan Trevitt', 'eng ENG', 'MF', '19-232', '0', '0', '0', '0', '0', '0', '0', '0', '0', '0');
INSERT INTO Player (Team, Player, Nation, Pos, Age, MP, Starts, nMin, Gls, Ast, G_PK, PK, PKatt, CrdY, CrdR) VALUES ('Brentford', 'Yehor Yarmoliuk', 'ua UKR', 'MF', '18-243', '0', '0', '0', '0', '0', '0', '0', '0', '0', '0');


INSERT INTO WebUser (username, Team, Player) VALUES ('Riftadox', 'Arsenal', 'Gabriel Dos Santos');
INSERT INTO WebUser (username, Team, Player) VALUES ('MAMA', 'Aston Villa', 'Kieran Tierney');

INSERT INTO UserPost(username, Team, Player, Post) VALUES('Riftadox', 'Bournemouth', 'Josh Dasilva', 'He should join the team');
INSERT INTO UserPost(username, Team, Player, Post) VALUES('Riftadox', 'Bournemouth', 'Mathias Jensen', 'I like this player');
INSERT INTO UserPost(username, Team, Player, Post) VALUES('MAMA', 'Manchester City', 'Mathias Jensen', 'I like this team');
